event_id,name,domain,date,startTime,endTime,location,trainer,capacity,registered,resource_link,description
1,Full Stack Hackathon: Building Next-Gen Apps,full-stack,29-09-2023,14:14,04:08,oasis,Filmore Matyasik,50,0,https://drive.google.com/file/d/16FgMGtttyemBPRHLl1JLkwh6P2WBgOSw/view?usp=sharing,description
2,Data Analytics Hackathon,data-analytics,12-09-2023,11:15,01:07,oasis,Shermie Espinal,50,0,https://drive.google.com/file/d/16FgMGtttyemBPRHLl1JLkwh6P2WBgOSw/view?usp=sharing,description
3,Full Stack Tech Talks: Cutting-Edge Technologies,full-stack,16-09-2023,16:05,09:40,aurum,Zsa zsa Banfill,50,0,https://drive.google.com/file/d/16FgMGtttyemBPRHLl1JLkwh6P2WBgOSw/view?usp=sharing,description
4,Full Stack Development Bootcamp,full-stack,04-07-2023,19:09,03:37,aurum,Selma Eathorne,50,0,https://drive.google.com/file/d/16FgMGtttyemBPRHLl1JLkwh6P2WBgOSw/view?usp=sharing,description
5,Databases Deep Dive Workshop,database,30-07-2023,11:07,06:21,aurum,Aaron Beebee,50,0,https://drive.google.com/file/d/16FgMGtttyemBPRHLl1JLkwh6P2WBgOSw/view?usp=sharing,description
6,Databases Conference & Expo,database,04-04-2024,14:51,00:41,tardis,Kathryn Monckton,50,0,https://drive.google.com/file/d/16FgMGtttyemBPRHLl1JLkwh6P2WBgOSw/view?usp=sharing,description
7,Full Stack Tech Talks: Cutting-Edge Technologies,full-stack,09-04-2023,20:21,03:59,falcon,Huberto Binding,50,0,https://drive.google.com/file/d/16FgMGtttyemBPRHLl1JLkwh6P2WBgOSw/view?usp=sharing,description
8,Data Science Summit: Cutting-Edge Research,data-science,01-10-2023,18:21,09:39,falcon,Rodrick Wombwell,50,0,https://drive.google.com/file/d/16FgMGtttyemBPRHLl1JLkwh6P2WBgOSw/view?usp=sharing,description
9,Advanced Data Engineering Techniques Seminar,data-engineering,21-06-2023,18:39,05:04,tardis,Cati Agent,50,0,https://drive.google.com/file/d/16FgMGtttyemBPRHLl1JLkwh6P2WBgOSw/view?usp=sharing,description
10,Databases Roundtable Discussion,database,26-06-2023,20:19,08:37,jarvis,Salome Pierucci,50,0,https://drive.google.com/file/d/16FgMGtttyemBPRHLl1JLkwh6P2WBgOSw/view?usp=sharing,description
11,Databases Workshop: Mastering SQL,database,26-02-2024,09:29,05:35,falcon,Celka Moyer,50,0,https://drive.google.com/file/d/16FgMGtttyemBPRHLl1JLkwh6P2WBgOSw/view?usp=sharing,description
12,Full Stack Tech Talks: Cutting-Edge Technologies,full-stack,13-12-2023,16:33,09:04,falcon,Murry Geharke,50,0,https://drive.google.com/file/d/16FgMGtttyemBPRHLl1JLkwh6P2WBgOSw/view?usp=sharing,description
13,Full Stack Showcase: Projects and Portfolios,full-stack,02-04-2024,17:53,03:11,tardis,Clemmie Gallaher,50,0,https://drive.google.com/file/d/16FgMGtttyemBPRHLl1JLkwh6P2WBgOSw/view?usp=sharing,description
14,Databases Seminar: NoSQL Fundamentals and Beyond,database,19-02-2024,11:55,06:40,aurum,Arni Albrighton,50,0,https://drive.google.com/file/d/16FgMGtttyemBPRHLl1JLkwh6P2WBgOSw/view?usp=sharing,description
15,Advanced Data Engineering Techniques Seminar,data-engineering,17-10-2023,17:35,07:17,aurum,Dermot Matteoni,50,0,https://drive.google.com/file/d/16FgMGtttyemBPRHLl1JLkwh6P2WBgOSw/view?usp=sharing,description
16,Data Analytics for Business Professionals,data-analytics,24-05-2024,14:48,01:59,jarvis,Cordey Panton,50,0,https://drive.google.com/file/d/16FgMGtttyemBPRHLl1JLkwh6P2WBgOSw/view?usp=sharing,description
17,Data Science Meetup: Exploring AI Trends,data-science,27-03-2024,11:12,04:01,oasis,Loni Caro,50,0,https://drive.google.com/file/d/16FgMGtttyemBPRHLl1JLkwh6P2WBgOSw/view?usp=sharing,description
18,Databases Conference & Expo,database,17-05-2023,13:33,03:40,oasis,Talia Pedder,50,0,https://drive.google.com/file/d/16FgMGtttyemBPRHLl1JLkwh6P2WBgOSw/view?usp=sharing,description
19,Data Science Meetup: Exploring AI Trends,data-science,28-04-2024,14:12,02:11,aurum,Erwin Jewitt,50,0,https://drive.google.com/file/d/16FgMGtttyemBPRHLl1JLkwh6P2WBgOSw/view?usp=sharing,description
20,Databases Workshop: Mastering SQL,database,06-08-2023,19:41,03:01,jarvis,Latia Keer,40,0,https://drive.google.com/file/d/16FgMGtttyemBPRHLl1JLkwh6P2WBgOSw/view?usp=sharing,description
21,Full Stack Webinar Series: Frontend to Backend,full-stack,23-07-2023,18:33,02:24,falcon,Benjamen Pass,40,0,https://drive.google.com/file/d/16FgMGtttyemBPRHLl1JLkwh6P2WBgOSw/view?usp=sharing,description
22,Full Stack Showcase: Projects and Portfolios,full-stack,18-07-2023,18:34,06:13,tardis,Catharine Montier,40,0,https://drive.google.com/file/d/16FgMGtttyemBPRHLl1JLkwh6P2WBgOSw/view?usp=sharing,description
23,Advanced Data Engineering Techniques Seminar,data-engineering,04-10-2023,11:05,02:32,oasis,Jacquelyn Olivelli,40,0,https://drive.google.com/file/d/16FgMGtttyemBPRHLl1JLkwh6P2WBgOSw/view?usp=sharing,description
24,Full Stack Showcase: Projects and Portfolios,full-stack,24-12-2023,12:26,01:29,jarvis,Tyne Blincoe,40,0,https://drive.google.com/file/d/16FgMGtttyemBPRHLl1JLkwh6P2WBgOSw/view?usp=sharing,description
25,Data Science Symposium: AI and Beyond,data-science,25-12-2023,18:56,08:19,aurum,Jackelyn Gyves,40,0,https://drive.google.com/file/d/16FgMGtttyemBPRHLl1JLkwh6P2WBgOSw/view?usp=sharing,description
26,Databases Deep Dive Workshop,database,24-02-2024,16:24,04:02,groot,Lacee Morford,40,0,https://drive.google.com/file/d/16FgMGtttyemBPRHLl1JLkwh6P2WBgOSw/view?usp=sharing,description
27,Data Science Summit: Cutting-Edge Research,data-science,29-09-2023,21:09,02:19,tardis,Anica Skeemor,40,0,https://drive.google.com/file/d/16FgMGtttyemBPRHLl1JLkwh6P2WBgOSw/view?usp=sharing,description
28,Data Analytics Challenge: Solving Real-World Problems,data-analytics,13-04-2023,19:36,08:09,falcon,Carson Bohin,40,0,https://drive.google.com/file/d/16FgMGtttyemBPRHLl1JLkwh6P2WBgOSw/view?usp=sharing,description
29,Data Analytics Panel: Industry Experts' Insights,data-analytics,29-01-2024,18:23,05:33,jarvis,Charity Bluck,40,0,https://drive.google.com/file/d/16FgMGtttyemBPRHLl1JLkwh6P2WBgOSw/view?usp=sharing,description
30,Data Engineering Workshop: Cloud Data Solutions,data-engineering,14-12-2023,19:48,07:22,tardis,Gloriana Shildrake,40,0,https://drive.google.com/file/d/16FgMGtttyemBPRHLl1JLkwh6P2WBgOSw/view?usp=sharing,description
