﻿id,domain_name,skills
1,Data Engineering,"ETL (Extract, Transform, Load)"
2,Data Engineering,Data Warehousing
3,Data Engineering,SQL
4,Data Engineering,"Big Data Technologies (Hadoop, Spark)"
5,Data Engineering,Data Pipeline Management
6,Full Stack,HTML
7,Full Stack,CSS
8,Full Stack,JavaScript
9,Full Stack,React.js
10,Full Stack,Node.js
11,Data Analytics,Data Visualization
12,Data Analytics,Statistical Analysis
13,Data Analytics,Python
14,Data Analytics,Machine Learning
15,Data Analytics,Business Intelligence (BI) Tools
16,Data Science,Python
17,Data Science,R
18,Data Science,Machine Learning
19,Data Science,Deep Learning
20,Data Science,Natural Language Processing (NLP)
21,Databases,SQL
22,Databases,NoSQL
23,Databases,Database Design
24,Databases,Database Administration
25,Databases,Data Modeling
